﻿<?xml version="1.0"?>
<doc>
<assembly>
<name>
RichTextBoxWithLineNumbers
</name>
</assembly>
<members>
<member name="M:RichTextBoxWithLineNumbers.RichTextBoxWithLineNumbers.Update_SizeAndPosition">
 <summary>
 This Sub will run whenever Me.Refresh() is called. It applies the AutoSizing and DockSide settings.
 </summary>
 <remarks></remarks>
</member>
<member name="M:RichTextBoxWithLineNumbers.RichTextBoxWithLineNumbers.Update_VisibleLineNumberItems">
 <summary>
 This Sub determines which textlines are visible in the ParentRichTextBox, and makes LineNumberItems (LineNumber + ItemRectangle)
 for each visible line. They are put into the zLNIs List that will be used by the OnPaint event to draw the LineNumberItems. 
 </summary>
 <remarks></remarks>
</member>
<member name="M:RichTextBoxWithLineNumbers.RichTextBoxWithLineNumbers.FindStartIndex(System.Int32@,System.Int32@,System.Int32@)">
 <summary>
 FindStartIndex is a recursive Sub (one that calls itself) to compute the first visible line that should have a LineNumber.
 </summary>
 <param name="zMin"> this will hold the eventual BestStartIndex when the Sub has completed its run.</param>
 <param name="zMax"></param>
 <param name="zTarget"></param>
 <remarks></remarks>
</member>
<member name="M:RichTextBoxWithLineNumbers.RichTextBoxWithLineNumbers.OnPaint(System.Windows.Forms.PaintEventArgs)">
 <summary>
 OnPaint will go through the enabled elements (vertical ReminderMessage, GridLines, LineNumbers, BorderLines, MarginLines) and will
 draw them if enabled. At the same time, it will build GraphicsPaths for each of those elements (that are enabled), which will be used 
 in SeeThroughMode (if it's active): the figures in the GraphicsPaths will form a customized outline for the control by setting them as the 
 Region of the LineNumber control. Note: the vertical ReminderMessages are only drawn during designtime. 
 </summary>
 <param name="e"></param>
 <remarks></remarks>
</member>
<member name="T:RichTextBoxWithLineNumbers.My.Resources.Resources">
<summary>
  A strongly-typed resource class, for looking up localized strings, etc.
</summary>
</member>
<member name="P:RichTextBoxWithLineNumbers.My.Resources.Resources.ResourceManager">
<summary>
  Returns the cached ResourceManager instance used by this class.
</summary>
</member>
<member name="P:RichTextBoxWithLineNumbers.My.Resources.Resources.Culture">
<summary>
  Overrides the current thread's CurrentUICulture property for all
  resource lookups using this strongly typed resource class.
</summary>
</member>
</members>
</doc>
